<?xml version="1.0" encoding="UTF-8"?>
<jcr:root xmlns:sling="http://sling.apache.org/jcr/sling/1.0" xmlns:cq="http://www.day.com/jcr/cq/1.0" xmlns:jcr="http://www.jcp.org/jcr/1.0" xmlns:nt="http://www.jcp.org/jcr/nt/1.0" xmlns:rep="internal"
    jcr:mixinTypes="[rep:AccessControllable]"
    jcr:primaryType="cq:Page">
    <wcm jcr:primaryType="nt:unstructured">
        <foundation jcr:primaryType="nt:unstructured">
            <components jcr:primaryType="nt:unstructured">
                <responsivegrid jcr:primaryType="nt:unstructured">
                    <policy_1518573148342
                        jcr:description="L763 API Template Policy for Content Services"
                        jcr:lastModified="{Date}2019-02-20T23:00:57.741-05:00"
                        jcr:lastModifiedBy="admin"
                        jcr:primaryType="nt:unstructured"
                        jcr:title="L763 API Template Policy"
                        sling:resourceType="wcm/core/components/policy/policy"
                        components="[group:Summit.Content,/apps/weretail/components/content/breadcrumb,/apps/weretail/components/content/contentfragment,/apps/weretail/components/content/heroimage,/apps/weretail/components/content/image,/apps/weretail/components/content/button,/apps/weretail/components/structure/navigation,/apps/weretail/components/content/sitefeature,/apps/weretail/components/content/sharing,/apps/weretail/components/content/text,/apps/weretail/components/content/title]">
                        <jcr:content
                            cq:lastReplicated="{Date}2019-02-20T23:01:07.428-05:00"
                            cq:lastReplicatedBy="admin"
                            cq:lastReplicationAction="Activate"
                            jcr:mixinTypes="[cq:ReplicationStatus]"
                            jcr:primaryType="nt:unstructured"/>
                    </policy_1518573148342>
                    <policy_146473059647283
                        jcr:lastModified="{Date}2019-03-05T18:02:48.723-05:00"
                        jcr:lastModifiedBy="admin"
                        jcr:primaryType="nt:unstructured"
                        jcr:title="S202 Policy"
                        sling:resourceType="wcm/core/components/policy/policy"
                        components="[group:General,group:Summit.Content,group:Summit.Structure,group:We.Retail]">
                        <jcr:content
                            cq:lastReplicated="{Date}2019-03-05T18:02:55.771-05:00"
                            cq:lastReplicatedBy="admin"
                            cq:lastReplicationAction="Activate"
                            jcr:mixinTypes="[cq:ReplicationStatus]"
                            jcr:primaryType="nt:unstructured"/>
                    </policy_146473059647283>
                </responsivegrid>
            </components>
        </foundation>
    </wcm>
    <summit-l763 jcr:primaryType="nt:unstructured">
        <components jcr:primaryType="nt:unstructured">
            <content jcr:primaryType="nt:unstructured">
                <contentfragment jcr:primaryType="nt:unstructured">
                    <policy_1520390757981
                        jcr:lastModified="{Date}2018-03-16T14:04:46.188-04:00"
                        jcr:lastModifiedBy="admin"
                        jcr:primaryType="nt:unstructured"
                        jcr:title="Content Fragment Policy"
                        sling:resourceType="wcm/core/components/policy/policy">
                        <jcr:content
                            cq:lastReplicated="{Date}2019-03-05T18:02:55.771-05:00"
                            cq:lastReplicatedBy="admin"
                            cq:lastReplicationAction="Activate"
                            jcr:mixinTypes="[cq:ReplicationStatus]"
                            jcr:primaryType="nt:unstructured"/>
                        <cq:styleGroups jcr:primaryType="nt:unstructured">
                            <item0 jcr:primaryType="nt:unstructured">
                                <cq:styles jcr:primaryType="nt:unstructured">
                                    <item0
                                        cq:styleClasses="cmp-cf-speaker"
                                        cq:styleId="1520390780172"
                                        cq:styleLabel="Speaker Bio"
                                        jcr:primaryType="nt:unstructured"/>
                                </cq:styles>
                            </item0>
                        </cq:styleGroups>
                    </policy_1520390757981>
                </contentfragment>
                <text jcr:primaryType="nt:unstructured">
                    <policy_1521299103323
                        cq:styleDefaultClasses="xf-text-component"
                        jcr:lastModified="{Date}2018-03-17T11:05:41.888-04:00"
                        jcr:lastModifiedBy="admin"
                        jcr:primaryType="nt:unstructured"
                        jcr:title="XF Text Policy"
                        sling:resourceType="wcm/core/components/policy/policy">
                        <jcr:content
                            cq:lastReplicated="{Date}2019-02-20T23:01:07.428-05:00"
                            cq:lastReplicatedBy="admin"
                            cq:lastReplicationAction="Activate"
                            jcr:mixinTypes="[cq:ReplicationStatus]"
                            jcr:primaryType="nt:unstructured"/>
                        <rtePlugins jcr:primaryType="nt:unstructured">
                            <paraformat
                                jcr:primaryType="nt:unstructured"
                                features="-">
                                <formats
                                    jcr:primaryType="nt:unstructured"
                                    override="true">
                                    <item0
                                        jcr:primaryType="nt:unstructured"
                                        description="Paragraph"
                                        tag="p"/>
                                    <item1
                                        jcr:primaryType="nt:unstructured"
                                        description="Heading 1"
                                        tag="h1"/>
                                    <item2
                                        jcr:primaryType="nt:unstructured"
                                        description="Heading 2"
                                        tag="h2"/>
                                    <item3
                                        jcr:primaryType="nt:unstructured"
                                        description="Heading 3"
                                        tag="h3"/>
                                    <item4
                                        jcr:primaryType="nt:unstructured"
                                        description="Heading 4"
                                        tag="h4"/>
                                    <item5
                                        jcr:primaryType="nt:unstructured"
                                        description="Heading 5"
                                        tag="h5"/>
                                    <item6
                                        jcr:primaryType="nt:unstructured"
                                        description="Heading 6"
                                        tag="h6"/>
                                    <item7
                                        jcr:primaryType="nt:unstructured"
                                        description="Quote"
                                        tag="blockquote"/>
                                    <item8
                                        jcr:primaryType="nt:unstructured"
                                        description="Preformatted"
                                        tag="pre"/>
                                </formats>
                            </paraformat>
                            <misctools
                                jcr:primaryType="nt:unstructured"
                                features="-">
                                <specialCharsConfig jcr:primaryType="nt:unstructured">
                                    <chars
                                        jcr:primaryType="nt:unstructured"
                                        override="true">
                                        <item0
                                            jcr:primaryType="nt:unstructured"
                                            entity="&amp;copy;"
                                            name="copyright"/>
                                        <item1
                                            jcr:primaryType="nt:unstructured"
                                            entity="&amp;euro;"
                                            name="euro"/>
                                        <item2
                                            jcr:primaryType="nt:unstructured"
                                            entity="&amp;reg;"
                                            name="registered"/>
                                        <item3
                                            jcr:primaryType="nt:unstructured"
                                            entity="&amp;trade;"
                                            name="trademark"/>
                                    </chars>
                                </specialCharsConfig>
                            </misctools>
                            <edit
                                jcr:primaryType="nt:unstructured"
                                features="-"/>
                            <findreplace
                                jcr:primaryType="nt:unstructured"
                                features="-"/>
                            <spellcheck
                                jcr:primaryType="nt:unstructured"
                                features="-"/>
                            <table
                                jcr:primaryType="nt:unstructured"
                                features="-"/>
                            <lists
                                jcr:primaryType="nt:unstructured"
                                features="*"/>
                            <format
                                jcr:primaryType="nt:unstructured"
                                features="bold,italic"/>
                            <links
                                jcr:primaryType="nt:unstructured"
                                features="modifylink,unlink"/>
                            <subsuperscript
                                jcr:primaryType="nt:unstructured"
                                features="-"/>
                            <justify
                                jcr:primaryType="nt:unstructured"
                                features="*"/>
                        </rtePlugins>
                    </policy_1521299103323>
                </text>
                <image jcr:primaryType="nt:unstructured">
                    <policy_1521300001954
                        jcr:lastModified="{Date}2018-03-17T13:16:08.940-04:00"
                        jcr:lastModifiedBy="admin"
                        jcr:primaryType="nt:unstructured"
                        jcr:title="XF Image Policy"
                        sling:resourceType="wcm/core/components/policy/policy"
                        allowUpload="false"
                        altValueFromDAM="false"
                        disableLazyLoading="true"
                        displayPopupTitle="false"
                        isDecorative="false"
                        titleValueFromDAM="false">
                        <jcr:content
                            cq:lastReplicated="{Date}2019-02-20T23:01:07.428-05:00"
                            cq:lastReplicatedBy="admin"
                            cq:lastReplicationAction="Activate"
                            jcr:mixinTypes="[cq:ReplicationStatus]"
                            jcr:primaryType="nt:unstructured"/>
                        <plugins jcr:primaryType="nt:unstructured">
                            <crop
                                jcr:primaryType="nt:unstructured"
                                features="*">
                                <aspectRatios jcr:primaryType="nt:unstructured">
                                    <item0
                                        jcr:primaryType="nt:unstructured"
                                        name="Wide Landscape"
                                        ratio="0.6180"/>
                                    <item1
                                        jcr:primaryType="nt:unstructured"
                                        name="Landscape"
                                        ratio="0.8284"/>
                                    <item2
                                        jcr:primaryType="nt:unstructured"
                                        name="Square"
                                        ratio="1"/>
                                    <item3
                                        jcr:primaryType="nt:unstructured"
                                        name="Portrait"
                                        ratio="1.6180"/>
                                </aspectRatios>
                            </crop>
                            <rotate
                                jcr:primaryType="nt:unstructured"
                                features="right"/>
                            <flip
                                jcr:primaryType="nt:unstructured"
                                features="-"/>
                        </plugins>
                        <cq:styleGroups jcr:primaryType="nt:unstructured">
                            <item0
                                cq:styleGroupLabel="Highlight Color"
                                jcr:primaryType="nt:unstructured">
                                <cq:styles jcr:primaryType="nt:unstructured">
                                    <item0
                                        cq:styleClasses="cmp-image--border cmp-image--red"
                                        cq:styleId="1521300027417"
                                        cq:styleLabel="Red"
                                        jcr:primaryType="nt:unstructured"/>
                                    <item1
                                        cq:styleClasses="cmp-image--border cmp-image--teal"
                                        cq:styleId="1521300065413"
                                        cq:styleLabel="Teal"
                                        jcr:primaryType="nt:unstructured"/>
                                    <item2
                                        cq:styleClasses="cmp-image--border cmp-image--yellow"
                                        cq:styleId="1521300087615"
                                        cq:styleLabel="Yellow"
                                        jcr:primaryType="nt:unstructured"/>
                                </cq:styles>
                            </item0>
                        </cq:styleGroups>
                    </policy_1521300001954>
                </image>
            </content>
        </components>
    </summit-l763>
    <weretail jcr:primaryType="nt:unstructured">
        <components jcr:primaryType="nt:unstructured">
            <structure jcr:primaryType="nt:unstructured">
                <page jcr:primaryType="nt:unstructured">
                    <policy_1521228784041
                        jcr:lastModified="{Date}2018-03-17T12:52:21.337-04:00"
                        jcr:lastModifiedBy="admin"
                        jcr:primaryType="nt:unstructured"
                        jcr:title="WKND Theme"
                        sling:resourceType="wcm/core/components/policy/policy"
                        clientlibs="summit.site">
                        <jcr:content
                            cq:lastReplicated="{Date}2019-02-20T23:01:07.428-05:00"
                            cq:lastReplicatedBy="admin"
                            cq:lastReplicationAction="Activate"
                            jcr:mixinTypes="[cq:ReplicationStatus]"
                            jcr:primaryType="nt:unstructured"/>
                    </policy_1521228784041>
                    <policy_1521305564343
                        jcr:lastModified="{Date}2018-03-17T13:00:35.408-04:00"
                        jcr:lastModifiedBy="admin"
                        jcr:primaryType="nt:unstructured"
                        jcr:title="Summit Facebook"
                        sling:resourceType="wcm/core/components/policy/policy"
                        clientlibs="summit.xf">
                        <jcr:content jcr:primaryType="nt:unstructured"/>
                    </policy_1521305564343>
                </page>
            </structure>
        </components>
    </weretail>
</jcr:root>
