<?xml version="1.0" encoding="UTF-8"?>
<jcr:root xmlns:sling="http://sling.apache.org/jcr/sling/1.0" xmlns:cq="http://www.day.com/jcr/cq/1.0" xmlns:jcr="http://www.jcp.org/jcr/1.0" xmlns:nt="http://www.jcp.org/jcr/nt/1.0"
    jcr:lastModified="{Date}2019-01-14T06:17:19.865Z"
    jcr:lastModifiedBy="admin"
    jcr:primaryType="sling:OrderedFolder">
    <faq-3-1/>
    <faq-3-2/>
    <faq-1-3/>
    <faq-2-2/>
    <faq-2-3/>
    <faq-1-2/>
    <faq-2-1/>
    <faq1/>
    <faq-3-3/>
    <jcr:content
        cq:lastReplicated="{Date}2019-01-16T14:26:01.771-05:00"
        cq:lastReplicatedBy="admin"
        cq:lastReplicationAction="Activate"
        jcr:mixinTypes="[cq:ReplicationStatus]"
        jcr:primaryType="nt:unstructured"
        jcr:title="FAQ Fragments"/>
</jcr:root>
